{"kills": {"std": 3.2858722201680823, "mean": 2.25797142007591}, "deaths": {"std": 2.824124661162469, "mean": 2.2688681720392494}, "assists": {"std": 4.5238276088904446, "mean": 2.787462613471394}, "gold": {"std": 4592.841369138693, "mean": 5067.2290504259}, "creepscore": {"std": 71.67749991867525, "mean": 76.35267696290207}}