{"kills": {"std": 3.182136078442083, "mean": 2.518322373023646}, "deaths": {"std": 2.6857504112521213, "mean": 2.5294878970197288}, "assists": {"std": 4.054850882115496, "mean": 3.028837274380859}, "gold": {"std": 4160.50627992564, "mean": 5502.493899538268}, "creepscore": {"std": 72.966246188875, "mean": 83.06217293969497}}